<?xml version="1.0" encoding="UTF-8"?>
<Unavailability_MarketDocument xmlns="urn:iec62325.351:tc57wg16:451-6:outagedocument:3:0" >
    <mRID>kjfQMlmtlZVC32VliNsNQg</mRID>
    <revisionNumber>2</revisionNumber>
    <type>A79</type>
    <process.processType>A26</process.processType>
    <createdDateTime>2016-05-13T06:19:51Z</createdDateTime>
    <sender_MarketParticipant.mRID codingScheme="A01">10X1001A1001A450</sender_MarketParticipant.mRID>
    <sender_MarketParticipant.marketRole.type>A32</sender_MarketParticipant.marketRole.type>
    <receiver_MarketParticipant.mRID codingScheme="A01">10X1001A1001A450</receiver_MarketParticipant.mRID>
    <receiver_MarketParticipant.marketRole.type>A33</receiver_MarketParticipant.marketRole.type>
    <unavailability_Time_Period.timeInterval>
        <start>2015-11-23T17:50Z</start>
        <end>2016-05-12T19:51Z</end>
    </unavailability_Time_Period.timeInterval>
    <TimeSeries>
        <mRID>1</mRID>
            <businessType>A54</businessType>
            <biddingZone_Domain.mRID codingScheme="A01">10YDE-EON------1</biddingZone_Domain.mRID>
            <start_DateAndOrTime.date>2015-11-23</start_DateAndOrTime.date>
            <start_DateAndOrTime.time>17:50:00Z</start_DateAndOrTime.time>
            <end_DateAndOrTime.date>2016-05-12</end_DateAndOrTime.date>
            <end_DateAndOrTime.time>19:51:00Z</end_DateAndOrTime.time>
        <quantity_Measure_Unit.name>MAW</quantity_Measure_Unit.name>
        <curveType>A03</curveType>
		    <production_RegisteredResource.pSRType.powerSystemResources.nominalP unit="MAW">113</production_RegisteredResource.pSRType.powerSystemResources.nominalP>
                <Asset_RegisteredResource>
                    <mRID codingScheme="A01">11TD2L000000267O</mRID>
	                <name>L-155-RIFF-EMDB-AC114</name>
	                <asset_PSRType.psrType>B21</asset_PSRType.psrType>
	                <location.name>Riffgat-Emden/Borssum</location.name>
                </Asset_RegisteredResource>
            <WindPowerFeedin_Period>
                <timeInterval>
                    <start>2015-11-23T17:50Z</start>
                    <end>2016-05-12T19:51Z</end>
                </timeInterval>
                <resolution>PT1M</resolution>
                    <Point>
                        <position>1</position>
                        <quantity>0</quantity>
                    </Point>
            </WindPowerFeedin_Period>
    </TimeSeries>
    <Reason>
        <code>B18</code>
    </Reason>
</Unavailability_MarketDocument>