<?xml version="1.0" encoding="UTF-8"?>
<Balancing_MarketDocument xmlns="urn:iec62325.351:tc57wg16:451-6:balancingdocument:3:0">
	<mRID>8b11490dcac2422b813b52931441be05</mRID>
	<revisionNumber>1</revisionNumber>
	<type>A87</type>
	<process.processType>A16</process.processType>
	<sender_MarketParticipant.mRID codingScheme="A01">10X1001A1001A450</sender_MarketParticipant.mRID>
	<sender_MarketParticipant.marketRole.type>A32</sender_MarketParticipant.marketRole.type>
	<receiver_MarketParticipant.mRID codingScheme="A01">10X1001A1001A450</receiver_MarketParticipant.mRID>
	<receiver_MarketParticipant.marketRole.type>A33</receiver_MarketParticipant.marketRole.type>
	<createdDateTime>2022-08-31T12:13:56Z</createdDateTime>
	<docStatus><value>A01</value></docStatus>
	<controlArea_Domain.mRID codingScheme="A01">10YCZ-CEPS-----N</controlArea_Domain.mRID>
	<period.timeInterval>
		<start>2015-11-30T23:00Z</start>
		<end>2016-12-31T23:00Z</end>
	</period.timeInterval>
	<TimeSeries>
		<mRID>1</mRID>
		<businessType>A99</businessType>
		<currency_Unit.name>CZK</currency_Unit.name>
		<curveType>A01</curveType>
		<Period>
			<timeInterval>
				<start>2015-11-30T23:00Z</start>
				<end>2015-12-31T23:00Z</end>
			</timeInterval>
			<resolution>P1M</resolution>
			<Point>
				<position>1</position>
				<Financial_Price>
					<amount>482142997.00</amount>
					<direction>A01</direction>
				</Financial_Price>
				<Financial_Price>
					<amount>21841523.89</amount>
					<direction>A02</direction>
				</Financial_Price>
			</Point>
		</Period>
	</TimeSeries>
	<TimeSeries>
		<mRID>2</mRID>
		<businessType>A99</businessType>
		<currency_Unit.name>CZK</currency_Unit.name>
		<curveType>A01</curveType>
		<Period>
			<timeInterval>
				<start>2015-12-31T23:00Z</start>
				<end>2016-01-31T23:00Z</end>
			</timeInterval>
			<resolution>P1M</resolution>
			<Point>
				<position>1</position>
				<Financial_Price>
					<amount>464071702.00</amount>
					<direction>A01</direction>
				</Financial_Price>
				<Financial_Price>
					<amount>39706488.60</amount>
					<direction>A02</direction>
				</Financial_Price>
			</Point>
		</Period>
	</TimeSeries>
	<TimeSeries>
		<mRID>3</mRID>
		<businessType>A99</businessType>
		<currency_Unit.name>CZK</currency_Unit.name>
		<curveType>A01</curveType>
		<Period>
			<timeInterval>
				<start>2016-01-31T23:00Z</start>
				<end>2016-02-29T23:00Z</end>
			</timeInterval>
			<resolution>P1M</resolution>
			<Point>
				<position>1</position>
				<Financial_Price>
					<amount>441663050.00</amount>
					<direction>A01</direction>
				</Financial_Price>
				<Financial_Price>
					<amount>17193267.50</amount>
					<direction>A02</direction>
				</Financial_Price>
			</Point>
		</Period>
	</TimeSeries>
	<TimeSeries>
		<mRID>4</mRID>
		<businessType>A99</businessType>
		<currency_Unit.name>CZK</currency_Unit.name>
		<curveType>A01</curveType>
		<Period>
			<timeInterval>
				<start>2016-02-29T23:00Z</start>
				<end>2016-03-31T22:00Z</end>
			</timeInterval>
			<resolution>P1M</resolution>
			<Point>
				<position>1</position>
				<Financial_Price>
					<amount>485909658.00</amount>
					<direction>A01</direction>
				</Financial_Price>
				<Financial_Price>
					<amount>31616336.99</amount>
					<direction>A02</direction>
				</Financial_Price>
			</Point>
		</Period>
	</TimeSeries>
	<TimeSeries>
		<mRID>5</mRID>
		<businessType>A99</businessType>
		<currency_Unit.name>CZK</currency_Unit.name>
		<curveType>A01</curveType>
		<Period>
			<timeInterval>
				<start>2016-03-31T22:00Z</start>
				<end>2016-04-30T22:00Z</end>
			</timeInterval>
			<resolution>P1M</resolution>
			<Point>
				<position>1</position>
				<Financial_Price>
					<amount>459084093.00</amount>
					<direction>A01</direction>
				</Financial_Price>
				<Financial_Price>
					<amount>24595645.80</amount>
					<direction>A02</direction>
				</Financial_Price>
			</Point>
		</Period>
	</TimeSeries>
	<TimeSeries>
		<mRID>6</mRID>
		<businessType>A99</businessType>
		<currency_Unit.name>CZK</currency_Unit.name>
		<curveType>A01</curveType>
		<Period>
			<timeInterval>
				<start>2016-04-30T22:00Z</start>
				<end>2016-05-31T22:00Z</end>
			</timeInterval>
			<resolution>P1M</resolution>
			<Point>
				<position>1</position>
				<Financial_Price>
					<amount>500681074.00</amount>
					<direction>A01</direction>
				</Financial_Price>
				<Financial_Price>
					<amount>28794333.94</amount>
					<direction>A02</direction>
				</Financial_Price>
			</Point>
		</Period>
	</TimeSeries>
	<TimeSeries>
		<mRID>7</mRID>
		<businessType>A99</businessType>
		<currency_Unit.name>CZK</currency_Unit.name>
		<curveType>A01</curveType>
		<Period>
			<timeInterval>
				<start>2016-05-31T22:00Z</start>
				<end>2016-06-30T22:00Z</end>
			</timeInterval>
			<resolution>P1M</resolution>
			<Point>
				<position>1</position>
				<Financial_Price>
					<amount>430654377.00</amount>
					<direction>A01</direction>
				</Financial_Price>
				<Financial_Price>
					<amount>19610530.22</amount>
					<direction>A02</direction>
				</Financial_Price>
			</Point>
		</Period>
	</TimeSeries>
	<TimeSeries>
		<mRID>8</mRID>
		<businessType>A99</businessType>
		<currency_Unit.name>CZK</currency_Unit.name>
		<curveType>A01</curveType>
		<Period>
			<timeInterval>
				<start>2016-06-30T22:00Z</start>
				<end>2016-07-31T22:00Z</end>
			</timeInterval>
			<resolution>P1M</resolution>
			<Point>
				<position>1</position>
				<Financial_Price>
					<amount>467903005.00</amount>
					<direction>A01</direction>
				</Financial_Price>
				<Financial_Price>
					<amount>19694139.31</amount>
					<direction>A02</direction>
				</Financial_Price>
			</Point>
		</Period>
	</TimeSeries>
	<TimeSeries>
		<mRID>9</mRID>
		<businessType>A99</businessType>
		<currency_Unit.name>CZK</currency_Unit.name>
		<curveType>A01</curveType>
		<Period>
			<timeInterval>
				<start>2016-07-31T22:00Z</start>
				<end>2016-08-31T22:00Z</end>
			</timeInterval>
			<resolution>P1M</resolution>
			<Point>
				<position>1</position>
				<Financial_Price>
					<amount>446649190.00</amount>
					<direction>A01</direction>
				</Financial_Price>
				<Financial_Price>
					<amount>29815063.17</amount>
					<direction>A02</direction>
				</Financial_Price>
			</Point>
		</Period>
	</TimeSeries>
	<TimeSeries>
		<mRID>10</mRID>
		<businessType>A99</businessType>
		<currency_Unit.name>CZK</currency_Unit.name>
		<curveType>A01</curveType>
		<Period>
			<timeInterval>
				<start>2016-08-31T22:00Z</start>
				<end>2016-09-30T22:00Z</end>
			</timeInterval>
			<resolution>P1M</resolution>
			<Point>
				<position>1</position>
				<Financial_Price>
					<amount>424561052.00</amount>
					<direction>A01</direction>
				</Financial_Price>
				<Financial_Price>
					<amount>44533090.12</amount>
					<direction>A02</direction>
				</Financial_Price>
			</Point>
		</Period>
	</TimeSeries>
	<TimeSeries>
		<mRID>11</mRID>
		<businessType>A99</businessType>
		<currency_Unit.name>CZK</currency_Unit.name>
		<curveType>A01</curveType>
		<Period>
			<timeInterval>
				<start>2016-09-30T22:00Z</start>
				<end>2016-10-31T23:00Z</end>
			</timeInterval>
			<resolution>P1M</resolution>
			<Point>
				<position>1</position>
				<Financial_Price>
					<amount>458979376.00</amount>
					<direction>A01</direction>
				</Financial_Price>
				<Financial_Price>
					<amount>65023862.38</amount>
					<direction>A02</direction>
				</Financial_Price>
			</Point>
		</Period>
	</TimeSeries>
	<TimeSeries>
		<mRID>12</mRID>
		<businessType>A99</businessType>
		<currency_Unit.name>CZK</currency_Unit.name>
		<curveType>A01</curveType>
		<Period>
			<timeInterval>
				<start>2016-10-31T23:00Z</start>
				<end>2016-11-30T23:00Z</end>
			</timeInterval>
			<resolution>P1M</resolution>
			<Point>
				<position>1</position>
				<Financial_Price>
					<amount>455610736.00</amount>
					<direction>A01</direction>
				</Financial_Price>
				<Financial_Price>
					<amount>31560489.22</amount>
					<direction>A02</direction>
				</Financial_Price>
			</Point>
		</Period>
	</TimeSeries>
	<TimeSeries>
		<mRID>13</mRID>
		<businessType>A99</businessType>
		<currency_Unit.name>CZK</currency_Unit.name>
		<curveType>A01</curveType>
		<Period>
			<timeInterval>
				<start>2016-11-30T23:00Z</start>
				<end>2016-12-31T23:00Z</end>
			</timeInterval>
			<resolution>P1M</resolution>
			<Point>
				<position>1</position>
				<Financial_Price>
					<amount>480751409.00</amount>
					<direction>A01</direction>
				</Financial_Price>
				<Financial_Price>
					<amount>47832964.04</amount>
					<direction>A02</direction>
				</Financial_Price>
			</Point>
		</Period>
	</TimeSeries>
</Balancing_MarketDocument>
