<?xml version="1.0" encoding="UTF-8"?>
<Unavailability_MarketDocument xmlns="urn:iec62325.351:tc57wg16:451-6:outagedocument:3:0" >
    <mRID>MJYK8FAt7Qii5FJSHNkKyA</mRID>
    <revisionNumber>7</revisionNumber>
    <type>A79</type>
    <process.processType>A26</process.processType>
    <createdDateTime>2016-10-01T21:32:37Z</createdDateTime>
    <sender_MarketParticipant.mRID codingScheme="A01">10X1001A1001A450</sender_MarketParticipant.mRID>
    <sender_MarketParticipant.marketRole.type>A32</sender_MarketParticipant.marketRole.type>
    <receiver_MarketParticipant.mRID codingScheme="A01">10X1001A1001A450</receiver_MarketParticipant.mRID>
    <receiver_MarketParticipant.marketRole.type>A33</receiver_MarketParticipant.marketRole.type>
    <unavailability_Time_Period.timeInterval>
        <start>2016-09-25T04:06Z</start>
        <end>2016-10-01T18:25Z</end>
    </unavailability_Time_Period.timeInterval>
    <TimeSeries>
        <mRID>1</mRID>
            <businessType>A54</businessType>
            <biddingZone_Domain.mRID codingScheme="A01">10YDE-EON------1</biddingZone_Domain.mRID>
            <start_DateAndOrTime.date>2016-09-25</start_DateAndOrTime.date>
            <start_DateAndOrTime.time>04:06:00Z</start_DateAndOrTime.time>
            <end_DateAndOrTime.date>2016-10-01</end_DateAndOrTime.date>
            <end_DateAndOrTime.time>18:25:00Z</end_DateAndOrTime.time>
        <quantity_Measure_Unit.name>MAW</quantity_Measure_Unit.name>
        <curveType>A03</curveType>
		    <production_RegisteredResource.pSRType.powerSystemResources.nominalP unit="MAW">126</production_RegisteredResource.pSRType.powerSystemResources.nominalP>
                <Asset_RegisteredResource>
                    <mRID codingScheme="A01">11TD2L000000291R</mRID>
	                <name>L-155-GOWZ-DWBE-AC138</name>
	                <asset_PSRType.psrType>B21</asset_PSRType.psrType>
	                <location.name>Gode Wind 2-DolWin beta</location.name>
                </Asset_RegisteredResource>
            <WindPowerFeedin_Period>
                <timeInterval>
                    <start>2016-09-25T04:06Z</start>
                    <end>2016-10-01T18:25Z</end>
                </timeInterval>
                <resolution>PT1M</resolution>
                    <Point>
                        <position>1</position>
                        <quantity>106</quantity>
                    </Point>
            </WindPowerFeedin_Period>
    </TimeSeries>
    <Reason>
        <code>B18</code>
    </Reason>
</Unavailability_MarketDocument>